Workbook

Sheet Start Here
B2: Your Goal: KES 150,000 every month
B4: Where you are right now
B5: Clients you have today | C5: 5
B6: Money you make per month today | C6: 20500
B8: What you need to reach the goal
B9: Total clients needed (across everything) | C9: ='Month by Month'!D20 -> 43
B10: More clients you still need to find | C10: =C9-C5 -> 38
B11: How many months this will take at your current pace | C11: ='Month by Month'!D21 -> 13
B13: How to read the other two tabs
B14: • Assumptions = the numbers you can change (prices, how many new clients you get each month).
B15: • Month by Month = one row per month, showing clients and money for that month only.
B16: • Every number with a yellow background is one you can edit. Everything else updates itself.

Sheet Assumptions
A1: Numbers you can change
A2: Yellow cells = edit these. Everything else updates on its own.
A4: How much each product earns per month, per client
A5: Product | B5: Price (KES/month) | C5: Note
A6: Content Care Plan | B6: 3999 | C6: Average of your actual clients so far
A7: POS (Rack POS) | B7: 2999 | C7: Middle of your 1,500–2,500 range
A8: Real Estate / Construction SaaS | B8: 4500 | C8: You said '4,000 and above' — update once pricing is fixed
A9: Rental Management System | B9: 2599 | C9: As you specified
A11: How many new clients you close each month
A12: New clients per month (all products together) | B12: 3 | C12: Whole number. You said 2–3/month — using 3 here.
A14: Out of every new client, how many go to each product
A15: (Must add up to 100%. Change these once you know which product sells fastest.)
A16: Content Care Plan | B16: 0.25
A17: POS (Rack POS) | B17: 0.25
A18: Real Estate / Construction SaaS | B18: 0.25
A19: Rental Management System | B19: 0.25
A20: Check — should read 100%: | B20: =SUM(B16:B19) -> 1
A22: Your starting point (September 2026, actual)
A23: Clients you have now | B23: 5
A24: Money you make per month now | B24: 20500
A25: Your monthly goal | B25: 150000

Sheet Month by Month
A1: Month by Month Plan
A2: Each row is ONE month. 'Money this month' is what you earn THAT month only — it is not a running total.
A4: Month | B4: New Clients This Month | C4: Total Clients So Far | D4: Money This Month (KES) | F4: CC | G4: POS | H4: RE | I4: Rent
A5: Sep-2026 (now) | B5: — | C5: =ROUND(F5+G5+H5+I5,0) -> 5 | D5: =F5*Assumptions!$B$6+G5*Assumptions!$B$7+H5*Assumptions!$B$8+I5*Assumptions!$B$9 -> 19995 | F5: =Assumptions!$B$23 -> 5 | G5: 0 | H5: 0 | I5: 0
A6: Month 1 | B6: =ROUND(Assumptions!$B$12,0) -> 3 | C6: =ROUND(F6+G6+H6+I6,0) -> 8 | D6: =F6*Assumptions!$B$6+G6*Assumptions!$B$7+H6*Assumptions!$B$8+I6*Assumptions!$B$9 -> 30567.75 | F6: =F5+Assumptions!$B$12*Assumptions!$B$16 -> 5.75 | G6: =G5+Assumptions!$B$12*Assumptions!$B$17 -> 0.75 | H6: =H5+Assumptions!$B$12*Assumptions!$B$18 -> 0.75 | I6: =I5+Assumptions!$B$12*Assumptions!$B$19 -> 0.75
A7: Month 2 | B7: =ROUND(Assumptions!$B$12,0) -> 3 | C7: =ROUND(F7+G7+H7+I7,0) -> 11 | D7: =F7*Assumptions!$B$6+G7*Assumptions!$B$7+H7*Assumptions!$B$8+I7*Assumptions!$B$9 -> 41140.5 | F7: =F6+Assumptions!$B$12*Assumptions!$B$16 -> 6.5 | G7: =G6+Assumptions!$B$12*Assumptions!$B$17 -> 1.5 | H7: =H6+Assumptions!$B$12*Assumptions!$B$18 -> 1.5 | I7: =I6+Assumptions!$B$12*Assumptions!$B$19 -> 1.5
A8: Month 3 | B8: =ROUND(Assumptions!$B$12,0) -> 3 | C8: =ROUND(F8+G8+H8+I8,0) -> 14 | D8: =F8*Assumptions!$B$6+G8*Assumptions!$B$7+H8*Assumptions!$B$8+I8*Assumptions!$B$9 -> 51713.25 | F8: =F7+Assumptions!$B$12*Assumptions!$B$16 -> 7.25 | G8: =G7+Assumptions!$B$12*Assumptions!$B$17 -> 2.25 | H8: =H7+Assumptions!$B$12*Assumptions!$B$18 -> 2.25 | I8: =I7+Assumptions!$B$12*Assumptions!$B$19 -> 2.25
A9: Month 4 | B9: =ROUND(Assumptions!$B$12,0) -> 3 | C9: =ROUND(F9+G9+H9+I9,0) -> 17 | D9: =F9*Assumptions!$B$6+G9*Assumptions!$B$7+H9*Assumptions!$B$8+I9*Assumptions!$B$9 -> 62286 | F9: =F8+Assumptions!$B$12*Assumptions!$B$16 -> 8 | G9: =G8+Assumptions!$B$12*Assumptions!$B$17 -> 3 | H9: =H8+Assumptions!$B$12*Assumptions!$B$18 -> 3 | I9: =I8+Assumptions!$B$12*Assumptions!$B$19 -> 3
A10: Month 5 | B10: =ROUND(Assumptions!$B$12,0) -> 3 | C10: =ROUND(F10+G10+H10+I10,0) -> 20 | D10: =F10*Assumptions!$B$6+G10*Assumptions!$B$7+H10*Assumptions!$B$8+I10*Assumptions!$B$9 -> 72858.75 | F10: =F9+Assumptions!$B$12*Assumptions!$B$16 -> 8.75 | G10: =G9+Assumptions!$B$12*Assumptions!$B$17 -> 3.75 | H10: =H9+Assumptions!$B$12*Assumptions!$B$18 -> 3.75 | I10: =I9+Assumptions!$B$12*Assumptions!$B$19 -> 3.75
A11: Month 6 | B11: =ROUND(Assumptions!$B$12,0) -> 3 | C11: =ROUND(F11+G11+H11+I11,0) -> 23 | D11: =F11*Assumptions!$B$6+G11*Assumptions!$B$7+H11*Assumptions!$B$8+I11*Assumptions!$B$9 -> 83431.5 | F11: =F10+Assumptions!$B$12*Assumptions!$B$16 -> 9.5 | G11: =G10+Assumptions!$B$12*Assumptions!$B$17 -> 4.5 | H11: =H10+Assumptions!$B$12*Assumptions!$B$18 -> 4.5 | I11: =I10+Assumptions!$B$12*Assumptions!$B$19 -> 4.5
A12: Month 7 | B12: =ROUND(Assumptions!$B$12,0) -> 3 | C12: =ROUND(F12+G12+H12+I12,0) -> 26 | D12: =F12*Assumptions!$B$6+G12*Assumptions!$B$7+H12*Assumptions!$B$8+I12*Assumptions!$B$9 -> 94004.25 | F12: =F11+Assumptions!$B$12*Assumptions!$B$16 -> 10.25 | G12: =G11+Assumptions!$B$12*Assumptions!$B$17 -> 5.25 | H12: =H11+Assumptions!$B$12*Assumptions!$B$18 -> 5.25 | I12: =I11+Assumptions!$B$12*Assumptions!$B$19 -> 5.25
A13: Month 8 | B13: =ROUND(Assumptions!$B$12,0) -> 3 | C13: =ROUND(F13+G13+H13+I13,0) -> 29 | D13: =F13*Assumptions!$B$6+G13*Assumptions!$B$7+H13*Assumptions!$B$8+I13*Assumptions!$B$9 -> 104577 | F13: =F12+Assumptions!$B$12*Assumptions!$B$16 -> 11 | G13: =G12+Assumptions!$B$12*Assumptions!$B$17 -> 6 | H13: =H12+Assumptions!$B$12*Assumptions!$B$18 -> 6 | I13: =I12+Assumptions!$B$12*Assumptions!$B$19 -> 6
A14: Month 9 | B14: =ROUND(Assumptions!$B$12,0) -> 3 | C14: =ROUND(F14+G14+H14+I14,0) -> 32 | D14: =F14*Assumptions!$B$6+G14*Assumptions!$B$7+H14*Assumptions!$B$8+I14*Assumptions!$B$9 -> 115149.75 | F14: =F13+Assumptions!$B$12*Assumptions!$B$16 -> 11.75 | G14: =G13+Assumptions!$B$12*Assumptions!$B$17 -> 6.75 | H14: =H13+Assumptions!$B$12*Assumptions!$B$18 -> 6.75 | I14: =I13+Assumptions!$B$12*Assumptions!$B$19 -> 6.75
A15: Month 10 | B15: =ROUND(Assumptions!$B$12,0) -> 3 | C15: =ROUND(F15+G15+H15+I15,0) -> 35 | D15: =F15*Assumptions!$B$6+G15*Assumptions!$B$7+H15*Assumptions!$B$8+I15*Assumptions!$B$9 -> 125722.5 | F15: =F14+Assumptions!$B$12*Assumptions!$B$16 -> 12.5 | G15: =G14+Assumptions!$B$12*Assumptions!$B$17 -> 7.5 | H15: =H14+Assumptions!$B$12*Assumptions!$B$18 -> 7.5 | I15: =I14+Assumptions!$B$12*Assumptions!$B$19 -> 7.5
A16: Month 11 | B16: =ROUND(Assumptions!$B$12,0) -> 3 | C16: =ROUND(F16+G16+H16+I16,0) -> 38 | D16: =F16*Assumptions!$B$6+G16*Assumptions!$B$7+H16*Assumptions!$B$8+I16*Assumptions!$B$9 -> 136295.25 | F16: =F15+Assumptions!$B$12*Assumptions!$B$16 -> 13.25 | G16: =G15+Assumptions!$B$12*Assumptions!$B$17 -> 8.25 | H16: =H15+Assumptions!$B$12*Assumptions!$B$18 -> 8.25 | I16: =I15+Assumptions!$B$12*Assumptions!$B$19 -> 8.25
A17: Month 12 | B17: =ROUND(Assumptions!$B$12,0) -> 3 | C17: =ROUND(F17+G17+H17+I17,0) -> 41 | D17: =F17*Assumptions!$B$6+G17*Assumptions!$B$7+H17*Assumptions!$B$8+I17*Assumptions!$B$9 -> 146868 | F17: =F16+Assumptions!$B$12*Assumptions!$B$16 -> 14 | G17: =G16+Assumptions!$B$12*Assumptions!$B$17 -> 9 | H17: =H16+Assumptions!$B$12*Assumptions!$B$18 -> 9 | I17: =I16+Assumptions!$B$12*Assumptions!$B$19 -> 9
A19: Answer box
A20: Total clients needed to hit your goal | D20: =ROUNDUP(Assumptions!$B$25/((Assumptions!$B$6*Assumptions!$B$16)+(Assumptions!$B$7*Assumptions!$B$17)+(Assumptions!$B$8*Assumptions!$B$18)+(Assumptions!$B$9*Assumptions!$B$19)),0) -> 43
A21: Months to get there at your current pace | D21: =ROUNDUP((D20-Assumptions!$B$23)/Assumptions!$B$12,0) -> 13
