Workbook

Sheet Assumptions
A1: Asanetic Recurring Revenue — Projection Assumptions
A2: All figures in KES. Blue cells are editable inputs — change them and every projection month recalculates.
A4: Product Line Pricing (avg monthly fee per client)
A5: Product | B5: Avg Monthly Fee (KES) | C5: Notes
A6: Content Care Plan | B6: 4100 | C6: Blended actual: Sept 2026 closed deals (5 clients, KES 20,500 MRR ÷ 5)
A7: POS (Rack POS) | B7: 2000 | C7: Midpoint of stated KES 1,500 (min) – 2,500 (standard) range
A8: Real Estate / Construction SaaS | B8: 4500 | C8: Stated 'KES 4,000 and above' — using conservative estimate; update as pricing firms up
A9: Rental Management System | B9: 3500 | C9: As specified
A11: New Client Acquisition
A12: New clients per month (all products combined) | B12: 2.5 | C12: Stated: 2–3/month realistic close rate; using midpoint 2.5
A13: Allocation across product lines
A14: Content Care Plan | B14: 0.25 | C14: Assumption — no signal yet on which line will close fastest; even split until data says otherwise
A15: POS (Rack POS) | B15: 0.25 | C15: Assumption — no signal yet on which line will close fastest; even split until data says otherwise
A16: Real Estate / Construction SaaS | B16: 0.25 | C16: Assumption — no signal yet on which line will close fastest; even split until data says otherwise
A17: Rental Management System | B17: 0.25 | C17: Assumption — no signal yet on which line will close fastest; even split until data says otherwise
A19: Allocation must sum to 100%: | B19: =SUM(B14:B17) -> 1
A21: Churn
A22: Monthly churn rate (all products) | B22: 0 | C22: Set to 0% until you have real retention data — kill-switch model should keep this low, but don't assume zero forever
A24: Starting Point — September 2026 (actual, from income_plan.xlsx)
A25: Active clients (actual) | B25: 5
A26: Active MRR (actual) | B26: 20500

Sheet Monthly Projection
A1: Blended Recurring Revenue Projection — Content Care + POS + Real Estate/Construction SaaS + Rental Mgmt
A2: Month 0 (Sep-2026) is actual. Months 1–12 project forward using the assumptions on the 'Assumptions' tab. All links to that tab are green.
A4: Month | B4: New Clients (total) | C4: New: Content Care | D4: New: POS | E4: New: Real Estate /Constr. SaaS | F4: New: Rental Mgmt | G4: Cum. Clients Content Care | H4: Cum. Clients POS | I4: Cum. Clients Real Estate | J4: Cum. Clients Rental Mgmt | K4: Total MRR (KES) | L4: Cumulative Revenue (KES) | M4: 150K Flag | N4: Total Clients (all products)
A5: Sep-2026 (actual) | B5: - | C5: - | D5: - | E5: - | F5: - | G5: =Assumptions!$B$25 -> 5 | H5: 0 | I5: 0 | J5: 0 | K5: =Assumptions!$B$26 -> 20500 | L5: =K5 -> 20500 | M5: =IF(K5>=150000,"Yes","") | N5: =G5+H5+I5+J5 -> 5
A6: Month 1 | B6: =Assumptions!$B$12 -> 2.5 | C6: =$B6*Assumptions!$B$14 -> 0.625 | D6: =$B6*Assumptions!$B$15 -> 0.625 | E6: =$B6*Assumptions!$B$16 -> 0.625 | F6: =$B6*Assumptions!$B$17 -> 0.625 | G6: =G5*(1-Assumptions!$B$22)+C6 -> 5.625 | H6: =H5*(1-Assumptions!$B$22)+D6 -> 0.625 | I6: =I5*(1-Assumptions!$B$22)+E6 -> 0.625 | J6: =J5*(1-Assumptions!$B$22)+F6 -> 0.625 | K6: =G6*Assumptions!$B$6+H6*Assumptions!$B$7+I6*Assumptions!$B$8+J6*Assumptions!$B$9 -> 29312.5 | L6: =L5+K6 -> 49812.5 | M6: =IF(K6>=150000,"Yes","") | N6: =G6+H6+I6+J6 -> 7.5
A7: Month 2 | B7: =Assumptions!$B$12 -> 2.5 | C7: =$B7*Assumptions!$B$14 -> 0.625 | D7: =$B7*Assumptions!$B$15 -> 0.625 | E7: =$B7*Assumptions!$B$16 -> 0.625 | F7: =$B7*Assumptions!$B$17 -> 0.625 | G7: =G6*(1-Assumptions!$B$22)+C7 -> 6.25 | H7: =H6*(1-Assumptions!$B$22)+D7 -> 1.25 | I7: =I6*(1-Assumptions!$B$22)+E7 -> 1.25 | J7: =J6*(1-Assumptions!$B$22)+F7 -> 1.25 | K7: =G7*Assumptions!$B$6+H7*Assumptions!$B$7+I7*Assumptions!$B$8+J7*Assumptions!$B$9 -> 38125 | L7: =L6+K7 -> 87937.5 | M7: =IF(K7>=150000,"Yes","") | N7: =G7+H7+I7+J7 -> 10
A8: Month 3 | B8: =Assumptions!$B$12 -> 2.5 | C8: =$B8*Assumptions!$B$14 -> 0.625 | D8: =$B8*Assumptions!$B$15 -> 0.625 | E8: =$B8*Assumptions!$B$16 -> 0.625 | F8: =$B8*Assumptions!$B$17 -> 0.625 | G8: =G7*(1-Assumptions!$B$22)+C8 -> 6.875 | H8: =H7*(1-Assumptions!$B$22)+D8 -> 1.875 | I8: =I7*(1-Assumptions!$B$22)+E8 -> 1.875 | J8: =J7*(1-Assumptions!$B$22)+F8 -> 1.875 | K8: =G8*Assumptions!$B$6+H8*Assumptions!$B$7+I8*Assumptions!$B$8+J8*Assumptions!$B$9 -> 46937.5 | L8: =L7+K8 -> 134875 | M8: =IF(K8>=150000,"Yes","") | N8: =G8+H8+I8+J8 -> 12.5
A9: Month 4 | B9: =Assumptions!$B$12 -> 2.5 | C9: =$B9*Assumptions!$B$14 -> 0.625 | D9: =$B9*Assumptions!$B$15 -> 0.625 | E9: =$B9*Assumptions!$B$16 -> 0.625 | F9: =$B9*Assumptions!$B$17 -> 0.625 | G9: =G8*(1-Assumptions!$B$22)+C9 -> 7.5 | H9: =H8*(1-Assumptions!$B$22)+D9 -> 2.5 | I9: =I8*(1-Assumptions!$B$22)+E9 -> 2.5 | J9: =J8*(1-Assumptions!$B$22)+F9 -> 2.5 | K9: =G9*Assumptions!$B$6+H9*Assumptions!$B$7+I9*Assumptions!$B$8+J9*Assumptions!$B$9 -> 55750 | L9: =L8+K9 -> 190625 | M9: =IF(K9>=150000,"Yes","") | N9: =G9+H9+I9+J9 -> 15
A10: Month 5 | B10: =Assumptions!$B$12 -> 2.5 | C10: =$B10*Assumptions!$B$14 -> 0.625 | D10: =$B10*Assumptions!$B$15 -> 0.625 | E10: =$B10*Assumptions!$B$16 -> 0.625 | F10: =$B10*Assumptions!$B$17 -> 0.625 | G10: =G9*(1-Assumptions!$B$22)+C10 -> 8.125 | H10: =H9*(1-Assumptions!$B$22)+D10 -> 3.125 | I10: =I9*(1-Assumptions!$B$22)+E10 -> 3.125 | J10: =J9*(1-Assumptions!$B$22)+F10 -> 3.125 | K10: =G10*Assumptions!$B$6+H10*Assumptions!$B$7+I10*Assumptions!$B$8+J10*Assumptions!$B$9 -> 64562.5 | L10: =L9+K10 -> 255187.5 | M10: =IF(K10>=150000,"Yes","") | N10: =G10+H10+I10+J10 -> 17.5
A11: Month 6 | B11: =Assumptions!$B$12 -> 2.5 | C11: =$B11*Assumptions!$B$14 -> 0.625 | D11: =$B11*Assumptions!$B$15 -> 0.625 | E11: =$B11*Assumptions!$B$16 -> 0.625 | F11: =$B11*Assumptions!$B$17 -> 0.625 | G11: =G10*(1-Assumptions!$B$22)+C11 -> 8.75 | H11: =H10*(1-Assumptions!$B$22)+D11 -> 3.75 | I11: =I10*(1-Assumptions!$B$22)+E11 -> 3.75 | J11: =J10*(1-Assumptions!$B$22)+F11 -> 3.75 | K11: =G11*Assumptions!$B$6+H11*Assumptions!$B$7+I11*Assumptions!$B$8+J11*Assumptions!$B$9 -> 73375 | L11: =L10+K11 -> 328562.5 | M11: =IF(K11>=150000,"Yes","") | N11: =G11+H11+I11+J11 -> 20
A12: Month 7 | B12: =Assumptions!$B$12 -> 2.5 | C12: =$B12*Assumptions!$B$14 -> 0.625 | D12: =$B12*Assumptions!$B$15 -> 0.625 | E12: =$B12*Assumptions!$B$16 -> 0.625 | F12: =$B12*Assumptions!$B$17 -> 0.625 | G12: =G11*(1-Assumptions!$B$22)+C12 -> 9.375 | H12: =H11*(1-Assumptions!$B$22)+D12 -> 4.375 | I12: =I11*(1-Assumptions!$B$22)+E12 -> 4.375 | J12: =J11*(1-Assumptions!$B$22)+F12 -> 4.375 | K12: =G12*Assumptions!$B$6+H12*Assumptions!$B$7+I12*Assumptions!$B$8+J12*Assumptions!$B$9 -> 82187.5 | L12: =L11+K12 -> 410750 | M12: =IF(K12>=150000,"Yes","") | N12: =G12+H12+I12+J12 -> 22.5
A13: Month 8 | B13: =Assumptions!$B$12 -> 2.5 | C13: =$B13*Assumptions!$B$14 -> 0.625 | D13: =$B13*Assumptions!$B$15 -> 0.625 | E13: =$B13*Assumptions!$B$16 -> 0.625 | F13: =$B13*Assumptions!$B$17 -> 0.625 | G13: =G12*(1-Assumptions!$B$22)+C13 -> 10 | H13: =H12*(1-Assumptions!$B$22)+D13 -> 5 | I13: =I12*(1-Assumptions!$B$22)+E13 -> 5 | J13: =J12*(1-Assumptions!$B$22)+F13 -> 5 | K13: =G13*Assumptions!$B$6+H13*Assumptions!$B$7+I13*Assumptions!$B$8+J13*Assumptions!$B$9 -> 91000 | L13: =L12+K13 -> 501750 | M13: =IF(K13>=150000,"Yes","") | N13: =G13+H13+I13+J13 -> 25
A14: Month 9 | B14: =Assumptions!$B$12 -> 2.5 | C14: =$B14*Assumptions!$B$14 -> 0.625 | D14: =$B14*Assumptions!$B$15 -> 0.625 | E14: =$B14*Assumptions!$B$16 -> 0.625 | F14: =$B14*Assumptions!$B$17 -> 0.625 | G14: =G13*(1-Assumptions!$B$22)+C14 -> 10.625 | H14: =H13*(1-Assumptions!$B$22)+D14 -> 5.625 | I14: =I13*(1-Assumptions!$B$22)+E14 -> 5.625 | J14: =J13*(1-Assumptions!$B$22)+F14 -> 5.625 | K14: =G14*Assumptions!$B$6+H14*Assumptions!$B$7+I14*Assumptions!$B$8+J14*Assumptions!$B$9 -> 99812.5 | L14: =L13+K14 -> 601562.5 | M14: =IF(K14>=150000,"Yes","") | N14: =G14+H14+I14+J14 -> 27.5
A15: Month 10 | B15: =Assumptions!$B$12 -> 2.5 | C15: =$B15*Assumptions!$B$14 -> 0.625 | D15: =$B15*Assumptions!$B$15 -> 0.625 | E15: =$B15*Assumptions!$B$16 -> 0.625 | F15: =$B15*Assumptions!$B$17 -> 0.625 | G15: =G14*(1-Assumptions!$B$22)+C15 -> 11.25 | H15: =H14*(1-Assumptions!$B$22)+D15 -> 6.25 | I15: =I14*(1-Assumptions!$B$22)+E15 -> 6.25 | J15: =J14*(1-Assumptions!$B$22)+F15 -> 6.25 | K15: =G15*Assumptions!$B$6+H15*Assumptions!$B$7+I15*Assumptions!$B$8+J15*Assumptions!$B$9 -> 108625 | L15: =L14+K15 -> 710187.5 | M15: =IF(K15>=150000,"Yes","") | N15: =G15+H15+I15+J15 -> 30
A16: Month 11 | B16: =Assumptions!$B$12 -> 2.5 | C16: =$B16*Assumptions!$B$14 -> 0.625 | D16: =$B16*Assumptions!$B$15 -> 0.625 | E16: =$B16*Assumptions!$B$16 -> 0.625 | F16: =$B16*Assumptions!$B$17 -> 0.625 | G16: =G15*(1-Assumptions!$B$22)+C16 -> 11.875 | H16: =H15*(1-Assumptions!$B$22)+D16 -> 6.875 | I16: =I15*(1-Assumptions!$B$22)+E16 -> 6.875 | J16: =J15*(1-Assumptions!$B$22)+F16 -> 6.875 | K16: =G16*Assumptions!$B$6+H16*Assumptions!$B$7+I16*Assumptions!$B$8+J16*Assumptions!$B$9 -> 117437.5 | L16: =L15+K16 -> 827625 | M16: =IF(K16>=150000,"Yes","") | N16: =G16+H16+I16+J16 -> 32.5
A17: Month 12 | B17: =Assumptions!$B$12 -> 2.5 | C17: =$B17*Assumptions!$B$14 -> 0.625 | D17: =$B17*Assumptions!$B$15 -> 0.625 | E17: =$B17*Assumptions!$B$16 -> 0.625 | F17: =$B17*Assumptions!$B$17 -> 0.625 | G17: =G16*(1-Assumptions!$B$22)+C17 -> 12.5 | H17: =H16*(1-Assumptions!$B$22)+D17 -> 7.5 | I17: =I16*(1-Assumptions!$B$22)+E17 -> 7.5 | J17: =J16*(1-Assumptions!$B$22)+F17 -> 7.5 | K17: =G17*Assumptions!$B$6+H17*Assumptions!$B$7+I17*Assumptions!$B$8+J17*Assumptions!$B$9 -> 126250 | L17: =L16+K17 -> 953875 | M17: =IF(K17>=150000,"Yes","") | N17: =G17+H17+I17+J17 -> 35
A19: Month total MRR reaches KES 150,000 when: | C19: =IFERROR(INDEX(A5:A17,MATCH("Yes",M5:M17,0)),"Not within 12 months — extend horizon or raise close rate") -> Not within 12 months — extend horizon or raise close rate
